,title,channel,running_time,watch_date,watch_time,category,watched_YN,account
0,수상할정도로 벨코즈를 잘하는 곰,박나나,11:01,2023-02-11,오후 10:39,,,kjaehw0207
1,마스터이 명상 무한으로 사용하는 좀비 마스터이 ㅋㅋㅋㅋ [테스터훈 뉴메타],테스터훈 마이너스,10:55,2023-02-11,오후 10:27,,,kjaehw0207
2,"출장 수리 사기, 결국 고소했습니다",뻘짓연구소,11:13,2023-02-11,오후 9:18,,,kjaehw0207
3,응애 | 젠지 vs. KT 게임1 하이라이트 | 02.11 | 2023 LCK 스프링 스플릿,LCK,6:34,2023-02-11,오후 9:12,,,kjaehw0207
4,"""𝟙𝟘𝟘"" | 젠지 vs. KT 게임3 하이라이트 | 02.11 | 2023 LCK 스프링 스플릿",LCK,10:55,2023-02-11,오후 9:01,,,kjaehw0207
5,일 왜함? - 러스트(2),랄로,43:46,2023-02-11,오후 9:00,,,kjaehw0207
6,요네는 돌아오는거야,PAKA,24:43,2023-02-11,오후 8:35,,,kjaehw0207
7,이 바텀 조합 살벌한데..? 페이커의 딩거 서폿! (feat.구마유시) [Faker Stream Highlight],T1 Faker,6:47,2023-02-11,오후 8:07,,,kjaehw0207
8,【패치】 1티어 떡상한 아우솔 긴급 핫픽스 너프.. ( + 애니도..),THIRD[롤 백과사전],1:45,2023-02-11,오후 5:18,,,kjaehw0207
9,"【롤 이슈】 바텀 메타 끝, 서폿 아이템 대폭 변경한다 / 정글 '갱' 대폭 너프예정 ? ( + 라이엇 공식 입장)",THIRD[롤 백과사전],2:39,2023-02-11,오후 5:15,,,kjaehw0207
10,만당 곤듀 서폿,박나나,10:44,2023-02-11,오전 11:16,,,kjaehw0207
11,개발자도 몰랐던 리메이크 아우솔의 새로운 스킬,빨간 미니언 Red minion,2:18,2023-02-11,오전 11:13,,,kjaehw0207
12,"'대장동 의혹' 이재명 2차조사 마쳐…""새 증거없어"" / 연합뉴스TV (YonhapnewsTV)",연합뉴스TV,0:48,2023-02-11,오전 11:11,,,kjaehw0207
13,"""탑 제이스 개패는 방법"" (빛 오른)",[꿀템TV] 클템 유튜브,10:57,2023-02-10,오후 5:59,,,kjaehw0207
14,막힌 혈 시원하게 뚫어버린 폭주전차│1R HLE vs T1 2023 LCK SPRING│울챔스 하이라이트,Wolf,1:08:36,2023-02-10,오후 4:52,,,kjaehw0207
15,광역 슬로우 100% 입히는 방법 미쳤다 ㅋㅋㅋ [테스터훈 뉴메타],테스터훈 마이너스,10:32,2023-02-10,오후 4:38,,,kjaehw0207
16,인생의 1/4을 포켓몬 연구에 쏟은 이소영 박사,침착맨,30:00,2023-02-10,오후 4:36,,,kjaehw0207
17,"전세계 단 2명 밖에 없는 롤드컵 3회 우승자, 벵기 스토리",스토카토,39:08,2023-02-10,오후 4:33,,,kjaehw0207
18,[구마유시 자야] 자야가 너무 이뻐서 펜타킬 갑니다!,롤플릭스(Lolflix),9:54,2023-02-10,오후 4:29,,,kjaehw0207
19,뉴진스 ditto 음악을 제거했더니...!,유준호,1:07,2023-02-10,오후 4:28,,,kjaehw0207
20,출산율 0.0001%,싱글벙글,2:29,2023-02-10,오후 4:25,,,kjaehw0207
21,무사ㅏㅏㅏ제드! 한 치의 실수도 없이 킬을 내주겠습니다!,야옹해 바바 Miaow baba,10:15,2023-02-10,오후 4:18,,,kjaehw0207
22,Could Fungi Actually Be the Key to Humanity’s Survival? | David Andrew Quist | TED,TED,14:30,2023-02-10,오후 4:17,,,kjaehw0207
23,"호그와트 레거시 리뷰 ""불면증까지 치료해주는 리얼 마법?""ㅎㄷㄷ",라미월드,8:52,2023-02-10,오후 4:04,,,kjaehw0207
24,백크한테 채팅러쉬 당하고 개빡친 라데시형 ㅋㅋㅋㅋ,백크 Baekk,10:28,2023-02-10,오후 4:01,,,kjaehw0207
25,알빠노 폼 죠졌다,알빠노,8:25,2023-02-10,오후 3:53,,,kjaehw0207
26,원딜 솔킬 따는 서폿,알빠노,9:38,2023-02-10,오후 3:48,,,kjaehw0207
27,"블루노트 커머셜 | 다들 낯설어 하는 의료기기 업계, 사실 저도 첨엔...",블루노트,6:44,2023-02-10,오후 3:44,,,kjaehw0207
28,Harvesting the Most Delicious Pineapples in the World | Exotic Fruit Plantation,Quantum Tech HD,8:22,2023-02-10,오후 3:43,,,kjaehw0207
29,[더빙] 하루종일 다이브 당하는 요릭의 일상,철릭,11:34,2023-02-10,오후 3:31,,,kjaehw0207
30,"가성비일까요, 아닐까요? RTX 4070 Ti 게임 성능 리뷰",뻘짓연구소,8:59,2023-02-10,오후 3:18,,,kjaehw0207
31,My Dog Carries My Lunch Bag,천재견 사월이sawol,11:14,2023-02-10,오후 3:16,,,kjaehw0207
32,The Moments When a Poodle Looks Like a Human(compilation),천재견 사월이sawol,8:36,2023-02-10,오후 3:12,,,kjaehw0207
33,스텔라이브 아이리 칸나 다시보기 FULL [ 2023.02.10] 세키로 & 호그와트 레거시 & 잡담,칸나 다시보기,5:20:35,2023-02-10,오후 2:57,,,kjaehw0207
34,삼성의 새로운 갤럭시 S23 전 시리즈 언빡싱&달라진 핵심기능 7가지! 15만원 오른 가치가 있을까요?,ITSub잇섭,19:46,2023-02-10,오후 2:47,,,kjaehw0207
35,스마트홈 발전이 매우 느리고 어려웠던 이유? 삼성이 작정하고 만든 스마트싱스 스테이션을 사봤습니다!,ITSub잇섭,18:05,2023-02-10,오후 2:47,,,kjaehw0207
36,ㄹㅇ아이언티어가 관전 피드백을 신청하신다구요?,나라카일,16:06,2023-02-10,오후 2:36,,,kjaehw0207
37,정말 순수하고 귀여운 북미 아이언 브라움 탐방 ㅎ,야옹해 바바 Miaow baba,8:15,2023-02-10,오후 2:28,,,kjaehw0207
38,이런 제보 탐방 해 보면 제보자가 더 못함 ㄹㅇㅋㅋ (feat. 개빡치네좌),야옹해 바바 Miaow baba,8:16,2023-02-10,오후 2:28,,,kjaehw0207
39,"""울프 겜잘알? 노코멘트""│LCK 2R HLE vs T1│울챔스 하이라이트",Wolf,27:34,2023-02-10,오후 2:27,,,kjaehw0207
40,이 해설.. 룰혐이 대단하다 | 룰러 라이프,룰러 팬튜브,13:29,2023-02-10,오후 2:20,,,kjaehw0207
41,방탈출 해보겠습니다,랄로,45:42,2023-02-10,오후 1:52,,,kjaehw0207
42,【패치노트】 알리스타 드디어 탑으로 가나?  (+13.3 패치 본섭 적용),THIRD[롤 백과사전],3:16,2023-02-10,오후 1:50,,,kjaehw0207
43,케리아의 바텀 해체 분석 | 리뷰데스크 Ep.3,LCK,6:31,2023-02-10,오후 1:44,,,kjaehw0207
44,보나님 세팅 다녀왔습니다,눈쟁이,13:38,2023-02-10,오후 1:21,,,kjaehw0207
45,컴퓨터 출장 AS 수리 사기 당했습니다...,뻘짓연구소,28:49,2023-02-10,오후 12:49,,,kjaehw0207
46,"출장 수리 사기, 결국 고소했습니다",뻘짓연구소,11:13,2023-02-10,오후 12:37,,,kjaehw0207
47,업데이트 만으로 성능 1.5배 상승? 인텔 아크 2023 드라이버 설치해봤습니다😉,뻘짓연구소,6:06,2023-02-10,오후 12:31,,,kjaehw0207
48,'클러치 능력'│ 2R BRO vs T1│ 2022 LCK 서머 스플릿 │ 울챔스 하이라이트,Wolf,40:48,2023-02-10,오후 12:23,,,kjaehw0207
49,메이플 🏜️한달도 안돼 묻힌 신캐릭 칼리의 문제점🏜️,오징93,8:21,2023-02-10,오후 12:17,,,kjaehw0207
50,술 주정뱅이 만당과 듀오하기,박나나,10:01,2023-02-10,오후 12:06,,,kjaehw0207
51,젠지 vs. 농심 | 매치34 하이라이트 | 02.09 | 2023 LCK 스프링 스플릿,LCK,30:29,2023-02-10,오후 12:00,,,kjaehw0207
52,디플 기아 vs. KT | 매치33 하이라이트 | 02.09 | 2023 LCK 스프링 스플릿,LCK,44:53,2023-02-10,오전 11:50,,,kjaehw0207
53,"Aiming, Kiin 인터뷰 | 디플 기아  vs. KT | 02.09 | 2023 LCK 스프링 스플릿",LCK,6:08,2023-02-10,오전 11:50,,,kjaehw0207
54,"2023ver. ""역대 롤드컵 명장면 월드컵 64강""",[꿀템TV] 클템 유튜브,1:36:25,2023-02-10,오전 11:47,,,kjaehw0207
55,체력 돼지 끝판왕 강철 심장 초가스 정글,롤더남,3:15,2023-02-10,오전 11:47,,,kjaehw0207
56,"저 덩치가 이속 600으로 쫓아옴 ㅋㅋㅋㅋ 혼자 게임 박살내는 ""칼날비"" 정글 초가스",도구출신미드,5:04,2023-02-10,오전 11:41,,,kjaehw0207
57,공허 5인큐로 승리하기,박나나,10:59,2023-02-10,오전 11:41,,,kjaehw0207
58,"한국 최초 챌린저 요릭장인 ""철릭""",철릭,16:46,2023-02-10,오전 11:23,,,kjaehw0207
59,겁나귀여운 창노사 동물특공대 출동~!!,박나나,17:19,2023-02-10,오전 9:34,,,kjaehw0207
60,롤 신챔프 밀리오 스킬 유출,롤맨 LoLMan,1:07,2023-02-10,오전 9:33,,,kjaehw0207
61,롤 신챔 밀리오 스킬컨셉 유출본 30초 정리!,1분 하는법,0:35,2023-02-10,오전 9:32,,,kjaehw0207
62,【패치】 드디어 바텀 알빠노 메타 끝나냐? 서폿 아이템 대거 변경 / 신챔프 밀리오 외형 왜이래..?,THIRD[롤 백과사전],1:49,2023-02-10,오전 9:29,,,kjaehw0207
63,알빠노 저격 패치 떴습니다. 딜포터 너프 소식 및 우주 비행사 스킨 완벽정리,빨간 미니언 Red minion,3:08,2023-02-10,오전 9:27,,,kjaehw0207
64,넌 이제 탑이고 난 이제 원딜이야 (탑 퀸  vs 신짜오),폰태연,4:05,2023-02-10,오전 9:23,,,kjaehw0207
65,유명 BJ 저라뎃의 파카언급 + 파카 반응,아아스크림,1:11,2023-02-10,오전 9:20,,,kjaehw0207
66,환장의 듀오,야옹해 바바 Miaow baba,7:01,2023-02-10,오전 9:09,,,kjaehw0207
67,억울해서 제보했더니 더 억울하게 만드는 싸이코 유튜버 탐방,야옹해 바바 Miaow baba,8:43,2023-02-10,오전 9:00,,,kjaehw0207
68,럭스1위 랭크10연패 해봤음? [여왕럭스],여왕럭스,9:16,2023-02-10,오전 12:22,,,kjaehw0207
69,"조이 상향, 마법관통력 100% 관통 ㅎㄷㄷ... 이거 미쳤는데? [테스터훈 뉴메타]",테스터훈 마이너스,13:13,2023-02-09,오후 9:28,,,kjaehw0207
70,당신이 원딜로 티어를 못 올리는 이유 (소름주의),박나나,10:43,2023-02-09,오후 9:20,,,kjaehw0207
71,고백 폭격기와 뚫리지 않는 방패의 짜파게티 먹방 (우정잉x곽튜브) / 라면잉건가 EP.01,더보기,18:22,2023-02-09,오후 9:20,,,kjaehw0207
72,W 무한 유지하는 인파이터 블리츠크랭크,무지개맛 Rainbow Flavor,3:28,2023-02-09,오후 6:16,,,kjaehw0207
73,메이플 🏜️한달도 안돼 묻힌 신캐릭 칼리의 문제점🏜️,오징93,8:21,2023-02-09,오후 6:11,,,kjaehw0207
74,T1 vs. 브리온 | 매치32 하이라이트 | 02.08 | 2023 LCK 스프링 스플릿,LCK,27:28,2023-02-09,오전 10:58,,,kjaehw0207
75,핵을 만들어야 하는 이유 『트로피코6(Tropico6)』,도림,7:52,2023-02-08,오후 7:57,,,kjaehw0207
76,늦잠자는 아기 깨워주는 강아지 ㅋㅋㅋ,솜이네 곰이탱이여우,10:01,2023-02-08,오후 7:54,,,kjaehw0207
77,흔한 한국 고등학생의 자퇴(韓国の高校Vlog),김세윤,6:46,2023-02-08,오후 7:53,,,kjaehw0207
78,흔한 일본 고등학교 유학생의 방과후,김세윤,8:57,2023-02-08,오후 7:52,,,kjaehw0207
79,브론즈 탐방보다 인지도가 없는 야옹해 바바를 탐방 해봤습니다.,야옹해 바바 Miaow baba,10:41,2023-02-08,오후 7:36,,,kjaehw0207
80,타곤산 5인큐로 승리하기,박나나,10:23,2023-02-08,오후 7:04,,,kjaehw0207
81,우주럭스,여왕럭스,9:08,2023-02-08,오후 6:54,,,kjaehw0207
82,리메이크 아우솔의 충격파를 점멸로 피할 수 있을까?,양순옥의 과학교실,1:32,2023-02-08,오후 4:54,,,kjaehw0207
83,【롤 이슈】 계속되는 논란에 결국 변경되는 신스킨?  / 오늘 패치 적용되는거 맞아요..?,THIRD[롤 백과사전],1:56,2023-02-08,오후 4:50,,,kjaehw0207
84,믿음직스러운 마스터 이,발__젭,11:58,2023-02-08,오후 4:37,,,kjaehw0207
85,강아지 데리고 원룸 보러 가보기,천재견 사월이sawol,15:47,2023-02-08,오후 3:02,,,kjaehw0207
86,신화템 없는 아칼리,정추,4:39,2023-02-08,오후 2:58,,,kjaehw0207
87,신입 연봉 4000 이상 주는 조건,[오제이 튜브]OJ Tube,7:24,2023-02-08,오후 1:03,,,kjaehw0207
88,바로 채용되는 웹개발자 포트폴리오 만들기,코딩애플,5:11,2023-02-08,오후 1:02,,,kjaehw0207
89,결국 나오는구나!! 출시 확정된 테슬라 모델3 페이스리프트 유출! 새로운 주행거리부터 출시일까지 나왔다?! #호날두 #포르투갈,남자들의 자동차 - 남차카페,5:13,2023-02-08,오후 12:51,,,kjaehw0207
90,장례식인가요? 축제입니다｜3주차｜울슐랭 가이드 EP. 04,Wolf,35:42,2023-02-08,오전 11:23,,,kjaehw0207
91,케리아가 선택한 비장의 수 [마이크 체크 Ep.2] | 2023 LCK 스프링 스플릿,LCK,4:00,2023-02-08,오전 11:19,,,kjaehw0207
92,월즈에서의 경험치 [티스코드 2023],T1,11:03,2023-02-08,오전 12:43,,,kjaehw0207
93,선영아 사랑해,아이소이,0:18,2023-02-07,오후 10:21,,,kjaehw0207
94,AP계수 135% 미쳤습니다 ㅋㅋㅋ 미드 세라핀 [테스터훈 뉴메타],테스터훈 마이너스,8:03,2023-02-07,오후 10:14,,,kjaehw0207
95,"[세바시 몰아보기] 스타들의 마인드 트레이닝 법 | 김영옥,김영철,김태균,김효진,신동미,심혜진,양준일,인순이,정선희,하준파파,홍지민 | 명강연 자존감 성장 | 세바시 정주행",세바시 강연 Sebasi Talk,3:09:55,2023-02-07,오후 7:02,,,kjaehw0207
96,"(ko, zh-cn, ja)쪽팔리게 살지 맙시다 | 김지윤 정치학 박사, 방송인 | 인생 강연 청렴  | 세바시 1071회",세바시 강연 Sebasi Talk,14:19,2023-02-07,오후 6:44,,,kjaehw0207
97,재수 없으면 200살까지 산다ㅣ김창경 한양대학교 과학기술정책학과 교수ㅣ생명공학인생 강연 강의 듣기 | 세바시 830회,세바시 강연 Sebasi Talk,19:14,2023-02-07,오후 6:24,,,kjaehw0207
98,의료데이터로 안 아프고 오래 사는 세상을 꿈꾸다! | 의료정보학 이화민 교수,고대병원,2:42,2023-02-07,오후 6:21,,,kjaehw0207
99,신입 연구원이 답해드립니다!ㅣ연구원 브이로그ㅣ바이오드림 ep.3,한국생명공학연구원,8:00,2023-02-07,오후 6:13,,,kjaehw0207
100,유전자 교정 연구실이 궁금하다면? - B대면 바이오 진로상담ㅣ연구원 브이로그ㅣ바이오드림 ep.2,한국생명공학연구원,9:37,2023-02-07,오후 6:03,,,kjaehw0207
101,바이오·생명공학 진로상담이 필요하다면 여기로~!ㅣ노화제어전문연구단ㅣ바이오드림 ep.1,한국생명공학연구원,9:30,2023-02-07,오후 5:53,,,kjaehw0207
102,"최상위권들의 격돌, 그에 걸맞는 명경기│1R GEN vs LSB 2023 LCK SPRING│울챔스 하이라이트",Wolf,1:05:44,2023-02-07,오후 5:46,,,kjaehw0207
103,【롤 이슈】 10억 대의 롤 소스 코드 유출 현황 / MMR 시스템이 또 바뀐다고..?,THIRD[롤 백과사전],1:53,2023-02-07,오후 5:44,,,kjaehw0207
104,유미답게 입터는 유미 vs E선마 강철심장 질리언 장인의 대결,야옹해 바바 Miaow baba,9:02,2023-02-07,오후 5:34,,,kjaehw0207
105,탑 세계관 최강자들의 대결 [요네 vs 베인],[꿀템TV] 클템 유튜브,9:15,2023-02-07,오후 5:25,,,kjaehw0207
106,구마유시는 오늘도 이삭을 줍는다│ 1R T1 vs BRO│ 2022 LCK 서머 스플릿 │ 울챔스 하이라이트,Wolf,35:24,2023-02-07,오후 1:58,,,kjaehw0207
107,문과들이 이 영상을 싫어합니다 | T1 vs. 프레딧 게임2 하이라이트 | 07.10 | 2022 LCK 서머 스플릿,LCK,8:23,2023-02-07,오후 1:49,,,kjaehw0207
108,우스의 나르가 있기 때문이지TV [T1 Stream Highlight],T1,6:04,2023-02-07,오후 1:46,,,kjaehw0207
109,"""승률 0% 듀오""",박나나,11:48,2023-02-07,오후 1:33,,,kjaehw0207
110,어쩔 수 없군. 이번만 임시 동맹이다..!,박나나,10:36,2023-02-07,오후 1:21,,,kjaehw0207
111,"2022년 전세계 솔로킬 1위, KT 라스칼의 스프링 솔로킬 일지",Inspec인스펙,8:25,2023-02-07,오후 1:19,,,kjaehw0207
112,도란: 마 도랏나 | 제우스: 마 내가 니 친구가,ㄷㅈ,0:13,2023-02-07,오후 1:19,,,kjaehw0207
113,수다쟁이 개 키우면 심심할 수가 없는 이유,아리둥절 Ari the Corgi,4:22,2023-02-07,오전 8:26,,,kjaehw0207
114,Why It's Hard to Have a Large Dog,천재견 사월이sawol,13:29,2023-02-07,오전 8:19,,,kjaehw0207
115,60만 원 넘은 고지서의 비밀…아파트 지하실에서 발견 [9시 뉴스] / KBS  2023.02.06.,KBS News,2:08,2023-02-07,오전 8:16,,,kjaehw0207
116,'백종원의 골목식당'이 살린 청년몰... 왜 망했나 가봤습니다. / 비디오머그,비디오머그 - VIDEOMUG,7:34,2023-02-07,오전 8:09,,,kjaehw0207
117,"[자막뉴스] 3.3㎡당 1,100만 원…이목 집중되는 49층 아파트 / KBS 2023.02.06.",KBS News,1:40,2023-02-07,오전 8:07,,,kjaehw0207
118,위쳐3 최초 발견.. 아무도 예측 못한 역대급 상황!!(CDPR은 대체 어디까지ㅎㄷㄷ),라미월드,8:09,2023-02-07,오전 2:07,,,kjaehw0207
119,[조선메타실록] 노비부터 양반까지 조선시대에서 살아남는 생존게임인 줄 알았다👨‍🌾 (Korea Dynasty),옥냥이 RoofTopCAT,2:35:20,2023-02-07,오전 2:05,,,kjaehw0207
120,[마호켄시] 문명타일과 카드를 합친 마법검사 전략게임🧙 (Mahokenshi),옥냥이 RoofTopCAT,3:50:31,2023-02-07,오전 2:05,,,kjaehw0207
121,오빠 오빠 오빠 차 있어?😊,옥냥이 RoofTopCAT,0:23,2023-02-07,오전 2:03,,,kjaehw0207
122,😒넥슨 신작이라 기대했는데 그래픽 ㅈㄴ 구려~,영래기,9:41,2023-02-07,오전 2:02,,,kjaehw0207
123,😍스팀에서 '압도적 긍정적'을 받은 초갓겜들,영래기,8:36,2023-02-07,오전 2:02,,,kjaehw0207
124,출시가 불안한 국산 신작게임 TOP10,휘재TV,10:25,2023-02-07,오전 1:59,,,kjaehw0207
125,로스트아크 하위버전인데? 나이트워커 솔직한 리뷰,휘재TV,13:46,2023-02-07,오전 1:58,,,kjaehw0207
126,"메이플 💣고인물의 탈주 해방런은 왜 발생하는걸까?, 해방후기",오징93,8:54,2023-02-07,오전 1:55,,,kjaehw0207
127,길거리 헌팅하는 찐따 특징,[마픽스 리얼라이프스타일]마튜브,0:59,2023-02-07,오전 1:53,,,kjaehw0207
128,우정이는 한 마리뿐!,김우정응원해,0:46,2023-02-07,오전 1:52,,,kjaehw0207
129,1초마다 고정피해 400 입히는 방법 ㅎㄷㄷ 이거 대박입니다 [테스터훈 뉴메타],테스터훈 마이너스,13:03,2023-02-07,오전 1:46,,,kjaehw0207
130,베릴이 누군가를 울렸다는 소식을 들은 데프트 ㅋㅋㅋ,Deflix 뎊플릭스,1:40,2023-02-07,오전 1:43,,,kjaehw0207
131,쇼메한테 조용히하라고 하면 만원 ㅋㅋㅋㅋ,Deflix 뎊플릭스,1:27,2023-02-07,오전 1:41,,,kjaehw0207
132,케리아 베릴 좀 말려달라는 말에 데프트가 보인 반응ㅋㅋㅋ,Deflix 뎊플릭스,1:15,2023-02-07,오전 1:39,,,kjaehw0207
133,스승과 제자의 만남,알빠노,10:10,2023-02-07,오전 1:36,,,kjaehw0207
134,혁규야 가자,알빠노,9:43,2023-02-07,오전 1:35,,,kjaehw0207
135,원딜 솔킬 따는 서폿,알빠노,9:38,2023-02-07,오전 1:34,,,kjaehw0207
136,어떻게 게임이 이래요,괴물쥐 유튜브,16:57,2023-02-07,오전 1:31,,,kjaehw0207
137,솔랭하다가 룰러를 만났습니다,앰비션 유튜브 [AMTUBE],10:59,2023-02-07,오전 1:27,,,kjaehw0207
138,[생물정보학 강의] DNA 분석 파이프라인 - 1. 소개,생물정보학자 한주현,5:30,2023-02-07,오전 1:18,,,kjaehw0207
139,"바이오, 근데 이제 코딩을 곁들인...💻ㅣ생물정보학 멘토링ㅣ바이오드림 ep.4",한국생명공학연구원,9:30,2023-02-07,오전 1:17,,,kjaehw0207
140,유미답게 입터는 유미 vs E선마 강철심장 질리언 장인의 대결,야옹해 바바 Miaow baba,9:02,2023-02-06,오후 11:48,,,kjaehw0207
141,아니 입꼬리가 어떻게 저렇게 되지?,김우정응원해,0:58,2023-02-06,오후 11:48,,,kjaehw0207
142,럭스1위 여왕럭스 천상계 솔로랭크,여왕럭스,3:30:58,2023-02-06,오후 11:20,,,kjaehw0207
143,"🔥전승T1을 쫓는 DK&젠지🔥 ""LCK 핫이슈 핥아찍어"" (+리브낭만박스와 동부권)",[꿀템TV] 클템 유튜브,2:32:07,2023-02-06,오후 8:26,,,kjaehw0207
144,럭스1위 미드 할배는 선 넘었지 [FULL GAME][여왕럭스],여왕럭스,16:45,2023-02-06,오후 8:08,,,kjaehw0207
145,백신은 미리 맞는게 맞아│1R NS vs T1 2023 LCK SPRING│울챔스 하이라이트,Wolf,58:21,2023-02-06,오후 7:44,,,kjaehw0207
146,이제 리메이크 아우솔은 적과 합체 공격도 가능합니다.,빨간 미니언 Red minion,2:14,2023-02-06,오후 7:42,,,kjaehw0207
147,전국 판매 1등! 하루 7천개씩 팔리는 만두? 밥수저로 퍼넣는 역대급 속 꽉찬 야끼만두┃Fried dumplings / Korean street food,푸디랜드 FoodieLand,10:12,2023-02-06,오후 3:07,,,kjaehw0207
148,"""나이 40에도 다이아는 껌 EASY""  (미친 캐리 일라오이)",[꿀템TV] 클템 유튜브,11:40,2023-02-06,오후 3:00,,,kjaehw0207
149,1초마다 고정피해 400 입히는 방법 ㅎㄷㄷ 이거 대박입니다 [테스터훈 뉴메타],테스터훈 마이너스,13:03,2023-02-06,오후 2:48,,,kjaehw0207
150,"『라이즈 기초 강의』 라이즈 패시브 쉽게 알려드립니다! (라이즈 콤보,라이즈 꿀팁,라이즈 정복자?난입?룬,라이즈 암살콤보)",씨르멍,8:07,2023-02-06,오후 2:46,,,kjaehw0207
151,아이리 칸나와 시즌 2의 전설들,자체휴강러,10:43,2023-02-06,오후 2:40,,,kjaehw0207
152,유니의 약점을 찾은 칸나,버튜버 팬박스,1:08,2023-02-06,오후 2:39,,,kjaehw0207
153,케틀에 이어 아크샨까지...용서할 수 없는 케리아의 생체실험,코뚱잉,14:01,2023-02-06,오후 2:31,,,kjaehw0207
154,LCK 페이커 vs 심판 퍼즈 논란,지존조세,9:13,2023-02-06,오후 2:24,,,kjaehw0207
155,페이커 퍼즈에 대한 전프로 선수들의 반응,롤 페이퍼,1:43,2023-02-06,오후 2:22,,,kjaehw0207
156,LCK 여성심판의 페이커죽이기,상혁아빠,0:41,2023-02-06,오후 2:21,,,kjaehw0207
157,와이프한테 슬램덩크 보자고했더니,헤이킨heykin'couple,0:27,2023-02-06,오후 2:21,,,kjaehw0207
158,군번 개 꼬일거 같은데,효자손,0:58,2023-02-06,오후 2:21,,,kjaehw0207
159,무호흡 고백과 무호흡 거절,김우정응원해,0:53,2023-02-06,오후 2:19,,,kjaehw0207
160,#T1 #벵기 #배성웅 감독이 말하는 #트위치 서포터 기용의 이유,박상진 기자의 e순간,6:08,2023-02-06,오후 2:12,,,kjaehw0207
161,동굴 대모험 -2부 [러스트],PAKA,59:58,2023-02-06,오후 2:03,,,kjaehw0207
162,사학과가면 망하나요? 💦💦사학과 출신이 답합니다 🙄,이다지do,7:24,2023-02-06,오전 11:18,,,kjaehw0207
163,"""이 과정을 지켜봐 주시면 감사하겠습니다"" 2023 벵기 감독의 목표 | T1 2023",T1,4:05,2023-02-06,오전 10:26,,,kjaehw0207
164,성장통 I 광인log EP.04,광튜브,11:29,2023-02-06,오전 10:20,,,kjaehw0207
165,왠지 아군이 긴장하게 되는 스펠,박나나,10:07,2023-02-06,오전 9:34,,,kjaehw0207
166,"🔥T1의 첫 패배, 무서운 기세의 젠지🔥 LCK 3주차 핫이슈 (광동 첫승 & 흔들리는 DRX)",[꿀템TV] 클템 유튜브,2:16:53,2023-02-06,오전 9:01,,,kjaehw0207
167,파카 칸나 숨 막히는 대화 모음 (with 무르상),인욱아그게무슨말이니,14:16,2023-02-06,오전 2:30,,,kjaehw0207
168,바른대로 말해요 파카님 랄로님!!!,강 지,19:22,2023-02-06,오전 2:29,,,kjaehw0207
169,우주농업: 인류의 넥스트 프런티어 [2022 대한민국 농업박람회 LIVE ★ 특별강연],2022 대한민국 농업박람회,59:37,2023-02-05,오후 8:53,,,kjaehw0207
170,미쳤어요!! 마력 1134로 풀방템 자크도 원콤내는 미친 폭딜 바루스!! 바텀에서도 이게 되네;; [종탁이],종탁이,15:10,2023-02-05,오후 6:39,,,kjaehw0207
171,아주 기~~~~인 딜그래프 | KT vs. 브리온 게임1 하이라이트 | 02.05 | 2023 LCK 스프링 스플릿,LCK,10:02,2023-02-05,오후 6:33,,,kjaehw0207
172,파카파카 우는토끼,종종 팬영상 올리는 채널,0:44,2023-02-05,오후 12:44,,,kjaehw0207
173,파카 나쁜말 모음집,Marlin Goguma 말린고구마,1:01,2023-02-05,오후 12:43,,,kjaehw0207
174,원딜 솔킬 따는 서폿,알빠노,9:38,2023-02-05,오후 12:41,,,kjaehw0207
175,리워크 아우솔의 별가루를 극한으로 모으면 생기는 일 ㄷㄷ,양순옥의 과학교실,4:27,2023-02-05,오후 12:40,,,kjaehw0207
176,5분에 억제기 깨버리는 초고속 철거 전략,무지개맛 Rainbow Flavor,4:34,2023-02-05,오후 12:36,,,kjaehw0207
177,병병병 사칭범과 듀오하기,박나나,11:07,2023-02-05,오후 12:31,,,kjaehw0207
178,기타 1047일차 파카 vs 스텔라이브 아이리 칸나,버튜버 번역기,4:28,2023-02-05,오후 12:30,,,kjaehw0207
179,"""반값 아닙니다 공짜입니다""..학생이 등록금을 왜 내요? [뉴스.zip/MBC뉴스]",MBCNEWS,4:29,2023-02-05,오후 12:28,,,kjaehw0207
180,바쁜 아침! 평생 써먹는!! 드라이 법으로 귀티나게 머리 말리기 | 죠셉Joseph Hair,죠셉Joseph,8:25,2023-02-05,오전 10:07,,,kjaehw0207
181,"남자 가르마 애즈펌 스타일 드라이 / 펌, 고데기 없이 해봐요",관리하는 남자 아우라M,9:38,2023-02-05,오전 10:03,,,kjaehw0207
182,Sign On,"Earth, Wind & Fire - Topic",4:19,2023-02-05,오전 8:39,,,kjaehw0207
183,Fantasy,"Earth, Wind & Fire - Topic",4:38,2023-02-05,오전 8:39,,,kjaehw0207
184,🔥2023 LCK 1주차 전체 팀별 리뷰🔥 [찍어X3],[꿀템TV] 클템 유튜브,2:16:06,2023-02-05,오전 1:36,,,kjaehw0207
185,[해SSUL이 있는 과학뉴스] 스마트팜 기술 정말 유망한가?,국립과천과학관,17:29,2023-02-05,오전 1:18,,,kjaehw0207
186,바루스 서폿.. 케리아 알빠노가 만든 끔찍한 변종 서포터 모음,Dobby도비,8:10,2023-02-05,오전 1:06,,,kjaehw0207
187,말 안 해도 시청자가 늘어나는 방송 #Shorts,우정잉,0:52,2023-02-05,오전 1:04,,,kjaehw0207
188,러스트)새벽3시50분에엄마가찾아온파카,때힝,3:02,2023-02-05,오전 1:01,,,kjaehw0207
189,픽률 폭발 예상. 메이지들의 구세주 아우솔 리메이크 심화 정보,롤박사 해도리,4:04,2023-02-04,오후 7:35,,,kjaehw0207
190,사신 낫의 제카 | 디알엑스 vs. 한화생명 게임2 하이라이트 | 02.04 | 2023 LCK 스프링 스플릿,LCK,7:14,2023-02-04,오후 7:30,,,kjaehw0207
191,진을 괴롭히기 위해 개발자가 추가한 '체력 5' 슈퍼와드,빨간 미니언 Red minion,2:24,2023-02-04,오후 7:26,,,kjaehw0207
192,🔥LCK 전체 팀별 이적시장 핥기🔥 [역대급 스토브리그],[꿀템TV] 클템 유튜브,2:38:04,2023-02-04,오전 2:19,,,kjaehw0207
193,라이엇한테 돈 받고 영상 만들기,팍플레이Pacplay,6:07,2023-02-04,오전 2:13,,,kjaehw0207
194,"10년 만의 서사급 스킨, 프레스티지",ㅇyㅇ,7:26,2023-02-04,오전 2:03,,,kjaehw0207
195,무리해서 비싼 차 살 필요가 없는 이유 [30년 살아보고 느낀 점],중고차파괴자,17:34,2023-02-03,오전 12:14,,,kjaehw0207
196,우마와 짚불곰장어 먹으면서 Q&A 해보기,프응TV,27:05,2023-02-03,오전 12:03,,,kjaehw0207
197,스마트팜 개발자가 이야기하는 스마트팜.,[오제이 튜브]OJ Tube,9:34,2023-02-02,오후 11:34,,,kjaehw0207
198,발젭이의 조지가 커진 이야기,박나나,10:02,2023-02-02,오후 9:45,,,kjaehw0207
199,나 너네 사장인디...,강 지,27:27,2023-02-02,오후 9:43,,,kjaehw0207
200,안녕하세요 원시인입니다 -1부 [러스트],PAKA,1:00:38,2023-02-02,오후 9:41,,,kjaehw0207
201,봇치 더 칸나 ㅣ 러스트,니니아유니버스,12:33,2023-02-02,오후 9:29,,,kjaehw0207
202,눈 마주치면 한방에 풀피 삭제시키는 원펀맨 AP이즈리얼!! 타워도 예외없이 걍 부숴지네 ㅋㅋ [종탁이],종탁이,13:31,2023-02-02,오후 9:28,,,kjaehw0207
203,"서폿 진, 서폿 케틀보다 좋은 서폿 발견했습니다 ㅋㅋㅋ 서포터 이즈 [테스터훈 뉴메타]",테스터훈 마이너스,10:02,2023-02-02,오후 9:18,,,kjaehw0207
204,"Me, 카엘 | 리브 샌박 vs. 농심 게임2 하이라이트 | 02.01 | 2023 LCK 스프링 스플릿",LCK,9:20,2023-02-02,오후 9:17,,,kjaehw0207
205,이재석 매드무비를 보는 파카를 보는 도파,부엉이가 물에 빠지면 첨부엉,5:33,2023-02-02,오전 9:57,,,kjaehw0207
206,노노파카,피닉스박,9:24,2023-02-02,오전 9:57,,,kjaehw0207
207,유명 BJ 저라뎃의 파카언급 + 파카 반응,아아스크림,1:11,2023-02-02,오전 9:55,,,kjaehw0207
208,칼바람 월석 재생기 럭스,거대한 죄,17:44,2023-02-02,오전 9:48,,,kjaehw0207
209,회복 럭스 월석 재생기?? 떄리면 그냥회복하는아이템?? 힐서폿터보다 딜서폿터인대 회복한다 이거뭔 사기템이야,시로하,8:22,2023-02-02,오전 9:47,,,kjaehw0207
210,한 천재가 발견한 뉴메타 트위치 서포터. 이거 지금 못막습니다,로복,11:27,2023-02-02,오전 9:44,,,kjaehw0207
211,이렐리아와 월석 럭스,수연꽃,0:28,2023-02-02,오전 9:43,,,kjaehw0207
212,"버프받은 럭스 서폿의 가장 완벽한 템트리 공개합니다! 루덴,리안드리 안가도 됩니다! [서폿 강의][럭스 강의]",서포터 라콩,13:02,2023-02-02,오전 9:42,,,kjaehw0207
213,미드럭스 제일 맛있게 하는사람 [여왕럭스],여왕럭스,8:39,2023-02-02,오전 9:36,,,kjaehw0207
214,"정글 챔피언, 원딜로 해봤더니 생긴 일 ㅋㅋㅋ 원딜 킨드레드 [테스터훈 뉴메타]",테스터훈 마이너스,9:15,2023-02-02,오전 9:31,,,kjaehw0207
215,LCK 아나운서 첫 랭크게임 배치고사🕹 ㅣ 리그오브레전드,윤수빈의 숩inLOVE,13:47,2023-02-02,오전 9:24,,,kjaehw0207
216,13시즌 정글개편으로 난이도가 확 낮아진 꿀잼챔피언,김리븐,8:01,2023-02-02,오전 3:18,,,kjaehw0207
217,스승과 제자의 만남,알빠노,10:10,2023-02-02,오전 3:16,,,kjaehw0207
218,미더덕과 만트라의 환상 조합 페이커의 미드 카르마! [Faker Stream Highlight],T1 Faker,7:04,2023-02-02,오전 3:12,,,kjaehw0207
219,"""야! 사장 당장 나와!"".. 공포에 떠는 피시방 사장들 / OBS 뉴스O",OBS뉴스,2:00,2023-02-02,오전 3:12,,,kjaehw0207
220,대환장 두오,Airi Kanna ch. 아이리 칸나,8:05,2023-02-02,오전 3:09,,,kjaehw0207
221,일본인 버튜버와 기울어진 마라탕,호소이누 Hosoinu,1:42,2023-02-02,오전 3:09,,,kjaehw0207
222,랄로와 기울어진 마라탕,랄로,12:30,2023-02-02,오전 3:06,,,kjaehw0207
223,랄로설명회 [스텔라이브],마이리틀유니,4:06,2023-02-02,오전 3:04,,,kjaehw0207
224,아이리 칸나 콘서트 풀버전,이로는색깔,29:50,2023-02-02,오전 3:02,,,kjaehw0207
225,100만 유튜버 머리 깨버린 칸나,버튜버 팬박스,1:44,2023-02-02,오전 3:00,,,kjaehw0207
226,팤센세와 칸나,ㅈㅅㅁ,1:26,2023-02-02,오전 2:58,,,kjaehw0207
227,일 왜함? - 러스트(2),랄로,43:46,2023-02-02,오전 2:57,,,kjaehw0207
228,파카의 유니 번호따기,period,0:37,2023-02-02,오전 2:55,,,kjaehw0207
229,[ENG SUB] 지금까지 이런 맛은 없었다. 원딜인가 서폿인가│1R T1 vs DK 2023 LCK SPRING│울챔스 하이라이트,Wolf,1:10:00,2023-02-02,오전 2:55,,,kjaehw0207
230,1렙 패왕,이재석,16:47,2023-02-02,오전 2:54,,,kjaehw0207
231,[오늘 이슈] “사랑이 어떻게 변하니”…이용자들 ‘해지’하겠다고 나선 넷플릭스 근황 / KBS 2023.02.01.,KBS News,1:55,2023-02-02,오전 2:53,,,kjaehw0207
232,"[LIVE] 언제, 어디서나 KBS NEWS D",KBS News,7:57:43,2023-02-02,오전 2:52,,,kjaehw0207
233,정확한 조X의 기준,일구쇼츠,0:52,2023-02-02,오전 2:51,,,kjaehw0207
234,두 번째 POG는 이거다! [T1 Stream Highlight],T1,6:05,2023-02-02,오전 2:47,,,kjaehw0207
235,누나 어디 편찮냐?,너덜트,3:56,2023-02-01,오후 9:46,,,kjaehw0207
236,▶도망치다 | 디플 기아 vs. 젠지 게임1 하이라이트 | 02.01 | 2023 LCK 스프링 스플릿,LCK,7:26,2023-02-01,오후 9:39,,,kjaehw0207
237,구마유시가 생각한 지금의 바텀메타를 깨는 방법,고구마유시 GoGumayusi,1:06,2023-02-01,오후 7:17,,,kjaehw0207
238,The Internet of Vines - Roederer Estate,Telofarm,2:41,2023-02-01,오후 7:10,,,kjaehw0207
239,Eat Smart!: Telofarm│Junghoon Lee│WKF 2018,World Knowledge Forum,6:46,2023-02-01,오후 7:08,,,kjaehw0207
240,"24살 비전공자 신입 개발자의 최종 합격 포트폴리오 (백엔드 · Java, PHP)",띵지로그 ddingji,12:03,2023-02-01,오후 5:34,,,kjaehw0207
241,알빠노 폼 죠졌다,알빠노,8:25,2023-02-01,오후 5:13,,,kjaehw0207
242,"비전공자 데이터사이언티스트 취업 준비와 성공 (대기업, 스타트업)",데이터분석가 후이,19:15,2023-02-01,오후 4:58,,,kjaehw0207
243,개발자 포트폴리오 작성법 알려줌. 제 것을 공개합니다.[실전],비전공개발자 주니 키우기,44:16,2023-02-01,오후 4:26,,,kjaehw0207
244,[이지업] ITWill 빅데이터 및 머신러닝 전문가 양성과정 포트폴리오 발표 - LKYJ,이지업클래스 (easyupclass),28:27,2023-02-01,오후 4:24,,,kjaehw0207
245,데이터 AI 사이언티스트 하지마세요,AI Holic,6:31,2023-02-01,오후 4:23,,,kjaehw0207
246,"깃, 깃허브 한번에 이해시켜드리고 포트폴리오 올리는 법까지 알려드림.  15분안에 당신은 Github 전문가가 됩니다",코딩알려주는누나,16:53,2023-02-01,오후 4:22,,,kjaehw0207
247,신입 포트폴리오 평가 - 연봉 최소 4000,[오제이 튜브]OJ Tube,8:25,2023-02-01,오후 4:18,,,kjaehw0207
248,"빅데이터 취업 ""포트폴리오"" 100% 통과하는 방법!!",데이터왔수다!,6:03,2023-02-01,오후 4:17,,,kjaehw0207
249,데이터 직무로 취업하고 싶은 문과생이라면? [제로베이스 데이터 취업 스쿨],제로베이스,3:26,2023-02-01,오후 3:16,,,kjaehw0207
250,실무 경험부터 데이터 직무 취업까지! [데이터 취업 스쿨],제로베이스,3:23,2023-02-01,오후 3:15,,,kjaehw0207
251,"편하게 입고오세요❓ 스타트업 면접 복장, 그래도 정장을 입는 게 좋을까요?👔  I 《취준고백》 ep.3",제로베이스,5:11,2023-02-01,오후 3:15,,,kjaehw0207
252,상혁이형 살살해,알빠노,9:07,2023-02-01,오후 1:59,,,kjaehw0207
253,어이 장씨 조용히하고 CS나 먹어,괴물쥐 유튜브,16:31,2023-02-01,오후 1:59,,,kjaehw0207
254,라르로와 칸나,ㅈㅅㅁ,3:57,2023-02-01,오후 1:54,,,kjaehw0207
255,오스트랄로피테쿠스 - 러스트(1),랄로,1:35:50,2023-02-01,오후 1:50,,,kjaehw0207
256,안녕하세요 원시인입니다 -1부 [러스트],PAKA,1:00:38,2023-02-01,오후 1:43,,,kjaehw0207
257,??? : 이런말하기 그렇지만 한대 더 맞아야...│1R T1 VS KDF 2023 LCK SPRING│울챔스 하이라이트,Wolf,35:06,2023-02-01,오전 9:43,,,kjaehw0207
258,"메이플💸사행성 아이템 TOP4 자석펫, 크크크, 쿨쿨쿨의 기댓값은?💸",오징93,16:30,2023-02-01,오전 8:39,,,kjaehw0207
259,광동 vs. 디알엑스 | 매치20 하이라이트 | 01.29 | 2023 LCK 스프링 스플릿,LCK,31:10,2023-01-30,오후 7:54,,,kjaehw0207
260,[이득충] 코로나 격리방송,메이플 이득충,2:52:09,2023-01-29,오후 7:16,,,kjaehw0207
261,우리 막내 짜란다! | 한화생명 vs. 젠지 게임3 하이라이트 | 01.29 | 2023 LCK 스프링 스플릿,LCK,8:01,2023-01-29,오후 7:05,,,kjaehw0207
262,제 카입니다 | 한화생명 vs. 젠지 게임2 하이라이트 | 01.29 | 2023 LCK 스프링 스플릿,LCK,9:42,2023-01-29,오후 6:54,,,kjaehw0207
263,특등사수 군필여고생 | 한화생명 vs. 젠지 게임1 하이라이트 | 01.29 | 2023 LCK 스프링 스플릿,LCK,10:48,2023-01-29,오후 6:40,,,kjaehw0207
264,"【롤】 프로가 말하는 투 원딜 시대 ( +서폿  케틀, 칼리 기용의 이유)",THIRD[롤 백과사전],2:35,2023-01-29,오후 6:29,,,kjaehw0207
265,브리온 vs. 리브 샌박 | 매치18 하이라이트 | 01.28 | 2023 LCK 스프링 스플릿,LCK,41:56,2023-01-29,오후 3:12,,,kjaehw0207
266,"칼리스타 서폿 등장 후 삘받은 개발자, 서포터 딜량 대규모 버프",빨간 미니언 Red minion,2:52,2023-01-29,오후 3:10,,,kjaehw0207
267,T1 vs. 디플기아 | 매치17 하이라이트 | 01.28 | 2023 LCK 스프링 스플릿,LCK,46:52,2023-01-29,오후 2:56,,,kjaehw0207
268,T1 vs 디플기아 구마유시의 후기,고구마유시 GoGumayusi,3:39,2023-01-29,오후 2:51,,,kjaehw0207
269,K/DA - PLAYLIST ALL SONGS 2020,IM YOHAN,19:09,2023-01-29,오전 11:07,,,kjaehw0207
270,Slynk & Mr Stabalina - The Jam (Alone Time Vol. 2),Slynk,2:42,2023-01-29,오전 11:05,,,kjaehw0207
271,The Witcher 2 - Enhanced Edition - X360 - Letho: The return of the kingslayer,BANDAI NAMCO Europe,4:21,2023-01-29,오전 10:53,,,kjaehw0207
272,"[자막뉴스] ""내가 나쁜 건물주라 생각 말아요"" 그러더니 카페 출입문 앞에.. (MBC뉴스)",MBCNEWS,3:10,2023-01-29,오전 10:48,,,kjaehw0207
273,[이득충] 새해 복 많이 받으세요,메이플 이득충,2:47:38,2023-01-29,오전 3:48,,,kjaehw0207
274,"T1 케리아 칼리스타 서포터를 본 사람들의 반응ㅋㅋ (강퀴, 울프, 플레임, 이상호, 김민교, 빛돌)",Ju1st,1:59,2023-01-29,오전 3:09,,,kjaehw0207
275,한 대깨메가 떠납니다.,뷰능,3:20,2023-01-29,오전 2:48,,,kjaehw0207
276,저 로아방송 시작해요...!,뷰능,3:18,2023-01-29,오전 2:47,,,kjaehw0207
277,The Witcher Remake l Unreal Engine 5 Amazing Showcase - Gameplay Concept Trailer,TeaserPlay,2:08,2023-01-29,오전 2:45,,,kjaehw0207
278,The Witcher 1 - Intro opening Cinematic 8k Upscaled with Machine Learning AI,Upscale,7:43,2023-01-29,오전 2:44,,,kjaehw0207
279,The Witcher - Introduction Cinematic [HD],Merrick Simms,7:20,2023-01-29,오전 2:37,,,kjaehw0207
280,T1 vs. 디플기아 | 매치17 하이라이트 | 01.28 | 2023 LCK 스프링 스플릿,LCK,46:52,2023-01-28,오후 7:08,,,kjaehw0207
281,"""떠나야죠"" 짐 싸는 청년들..위기의 공업도시[뉴스.zip/MBC뉴스]",MBCNEWS,4:35,2023-01-28,오후 6:25,,,kjaehw0207
