,searchword,search_date,search_time
0,4평 역세권 주택,2023-02-16,오후 1:11
1,lck 매치 41,2023-02-16,오전 8:27
2,오너 니달리 펜타,2023-02-16,오전 8:24
3,용팔이,2023-02-13,오후 3:32
4,용훈,2023-02-13,오후 3:32
5,허수아비,2023-02-13,오후 1:11
6,용팔이훈련소,2023-02-13,오후 12:45
7,용훈,2023-02-13,오후 12:44
8,용팔이 훈련소,2023-02-13,오전 10:40
9,용훈,2023-02-13,오전 10:40
10,클린 코드,2023-02-13,오전 10:08
11,코드 클렌징,2023-02-13,오전 10:08
12,데이터홀릭 데이터엔지니어,2023-02-13,오전 9:09
13,농업,2023-02-12,오후 7:43
14,argparser,2023-02-12,오후 4:27
15,화이트노이즈,2023-02-12,오후 3:31
16,플레이리스트,2023-02-12,오후 3:31
17,유튜브 데이터 api,2023-02-12,오후 2:01
18,api 사용법,2023-02-12,오후 1:56
19,의료기기 엔지니어링,2023-02-11,오전 11:12
20,데이터 엔지니어,2023-02-10,오후 11:45
21,면접왕 이형,2023-02-10,오후 11:38
22,사망여우,2023-02-10,오후 11:38
23,https://www.youtube.com/watch?v=qEuUSYX372I,2023-02-10,오후 7:44
24,페이지,2023-02-10,오후 7:13
25,춘자,2023-02-10,오후 7:13
26,괴물쥐,2023-02-10,오후 7:05
27,파카,2023-02-10,오후 7:05
28,랄로,2023-02-10,오후 7:05
29,씨맥,2023-02-10,오후 7:01
30,플레임,2023-02-10,오후 6:41
31,권고사직,2023-02-07,오전 12:58
32,의료정보학,2023-02-07,오전 12:46
33,밍밍츄츄,2023-02-06,오후 11:00
34,나초,2023-02-06,오후 10:59
35,팍플레이,2023-02-06,오후 10:59
36,g식백과,2023-02-06,오후 9:59
37,면접왕 이형,2023-02-06,오후 1:43
38,퇴사한 이형,2023-02-06,오후 1:42
39,제이콥 이형,2023-02-06,오후 1:42
40,인싸담당자,2023-02-06,오후 1:42
41,중고차파괴자,2023-02-06,오후 1:41
42,시계열분석,2023-02-05,오후 6:47
43,시계열,2023-02-05,오후 6:47
44,바비톡 다나카,2023-02-05,오후 5:51
45,수수르가 싯가데스까,2023-02-05,오후 5:51
46,https://fastcampus.co.kr/category_online_kfa?utm_source=youtube&utm_medium=display&utm_campaign=prd%5E221229%5E34305&...,2023-02-05,오후 2:56
47,비서,2023-02-05,오후 2:51
48,playlist,2023-02-05,오후 1:46
49,I ain't worried acoustic,2023-02-05,오후 1:42
50,시게열분석,2023-02-05,오전 8:59
51,뭘 많이 하긴 하는데,2023-02-04,오후 10:55
52,파카,2023-02-04,오전 2:02
53,Lck 한화,2023-02-02,오후 11:23
54,한화 승리,2023-02-02,오후 11:22
55,한화,2023-02-02,오후 11:22
56,Lck,2023-02-02,오후 10:33
57,캡틴김수호,2023-02-02,오후 10:33
58,춘자,2023-02-02,오후 10:31
59,킹설아,2023-02-02,오후 10:31
60,전데연,2023-02-02,오후 10:31
61,도파,2023-02-02,오후 10:30
62,파카,2023-02-02,오후 10:30
63,페이팔,2023-02-02,오후 10:30
64,헤이팔,2023-02-02,오후 10:30
65,피터 틸,2023-02-02,오후 10:29
66,핵,2023-02-02,오후 10:13
67,손석희,2023-02-02,오후 10:09
68,https://www.youtube.com/watch?v=sp72MFfiIig,2023-02-02,오후 5:52
69,https://plusxsharex.fastcampus.co.kr/?utm_source=youtube&utm_medium=display&utm_campaign=prd^221221^main&utm_content=...,2023-02-02,오후 5:45
70,현우진,2023-02-01,오후 7:57
71,울프 분석데스크,2023-02-01,오후 7:52
72,울프 분석,2023-02-01,오후 7:52
73,울프,2023-02-01,오후 7:51
74,데이터 포트폴리오,2023-02-01,오후 3:50
75,https://www.youtube.com/watch?v=1tG0wCLzsrU,2023-02-01,오후 1:38
76,기업제안,2023-02-01,오전 11:16
77,마약 뉴스,2023-02-01,오전 1:15
78,마약,2023-02-01,오전 1:15
79,중독,2023-02-01,오전 1:14
80,마약 중독,2023-02-01,오전 1:14
81,CX,2023-01-31,오후 11:28
82,https://www.youtube.com/watch?v=WsjXyGe6jmM,2023-01-31,오후 8:45
83,분석가,2023-01-31,오전 9:54
84,옥냥이,2023-01-31,오전 9:53
85,아리연습중,2023-01-31,오전 9:53
86,세글자,2023-01-31,오전 9:53
87,데이터드리븐,2023-01-31,오전 9:52
88,병병병,2023-01-31,오전 9:51
89,만 당,2023-01-31,오전 9:51
90,발 젭,2023-01-31,오전 9:51
91,팡이요,2023-01-31,오전 9:51
92,팍플레이,2023-01-31,오전 9:51
93,야옹해 바바,2023-01-31,오전 9:50
94,lck,2023-01-31,오전 9:50
95,교육운영매니저,2023-01-30,오후 11:26
96,기업 선택 기준,2023-01-30,오전 9:04
97,망하는 회사 특징,2023-01-30,오전 9:04
98,회사,2023-01-30,오전 9:04
99,5WHY,2023-01-29,오후 2:37
100,do good with data,2023-01-29,오후 2:10
101,do good with data let's talk about,2023-01-29,오후 2:10
102,면접왕 이형  필살기,2023-01-29,오후 12:35
103,면접왕 이형  자기소개서,2023-01-29,오후 12:35
104,면접왕 이형,2023-01-29,오후 12:29
105,데이터분석가 포트폴리오,2023-01-29,오전 10:55
106,lck,2023-01-28,오후 5:45
107,하츠 오브 스톤,2023-01-28,오전 10:19
108,G식백과,2023-01-27,오후 5:07
109,킥오프,2023-01-27,오후 4:33
110,페이커 노스킨,2023-01-27,오후 4:12
111,Lck,2023-01-27,오후 4:04
112,팍플레이,2023-01-27,오후 4:04
113,표식,2023-01-27,오후 3:54
114,포식,2023-01-27,오후 3:50
115,퇴사한 이형,2023-01-25,오후 5:59
116,교육운영 직무,2023-01-25,오후 5:30
117,교육운영 포트폴리오,2023-01-25,오후 5:30
118,직업의모든것,2023-01-25,오후 5:04
119,취업포트폴리오,2023-01-25,오후 4:59
120,김달,2023-01-25,오후 3:58
121,뻘짓연구소 맥북,2023-01-24,오전 8:21
122,뻘짓연구소,2023-01-24,오전 8:21
123,https://www.youtube.com/watch?v=MPOtrPFdK1U,2023-01-22,오후 11:12
124,게임을 삽시다,2023-01-21,오후 1:59
125,영레기,2023-01-20,오후 7:00
126,명예훈장,2023-01-19,오후 12:38
127,자연어처리,2023-01-16,오후 5:06
128,면접왕이형 지원동기,2023-01-15,오후 3:32
129,fasttext,2023-01-14,오후 4:10
130,부트캠프,2023-01-14,오후 3:43
131,natural language understanding,2023-01-14,오후 3:13
132,자연어처리,2023-01-14,오후 3:00
133,부트캠프 메타코드M,2023-01-14,오후 1:23
134,부트캠프,2023-01-14,오후 1:23
135,깃허브,2023-01-14,오전 12:34
136,자기소개서,2023-01-12,오전 10:10
137,사망 여우,2023-01-12,오전 8:42
138,호갱구조대,2023-01-10,오후 4:03
139,사망여우,2023-01-10,오후 4:03
140,https://swjungle.net/?utm_source=youtube&utm_medium=display&utm_campaign=19470144457&utm_content=etc&utm_term=etc,2023-01-10,오전 10:39
141,산학협력,2023-01-10,오전 9:17
142,면접왕 이형,2023-01-10,오전 8:45
143,https://www.youtube.com/watch?v=75c-rRyK3Lk,2023-01-10,오전 8:27
144,취준생이 반드시 알아야 할,2023-01-09,오후 3:36
145,취준생 역할이론,2023-01-09,오후 3:35
146,취준생이 반드시 알아야 할 역할이론,2023-01-09,오후 3:35
147,메이플 이득충,2023-01-09,오후 1:58
148,ndc,2023-01-07,오후 8:58
149,데이터 리터러시,2023-01-07,오후 8:21
150,https://www.youtube.com/watch?v=kot6syiIs0U,2023-01-07,오후 7:49
151,https://www.classu.co.kr/class/classDetail/14059?utm_source=유튜브&utm_campaign=김교포_영어&utm_content=김교포오티_앨런,2023-01-07,오후 7:49
152,위러브,2023-01-04,오후 10:56
153,생명의 빛,2023-01-04,오후 10:50
154,머신러닝 분류 프로젝트 발표,2023-01-04,오후 6:07
155,머신러닝 프로젝트 발표,2023-01-04,오후 6:02
156,머신러닝 프로젝트,2023-01-04,오후 4:10
157,머신러닝 프로젝트 분류,2023-01-04,오후 2:30
158,머신러닝 프로젝트,2023-01-04,오후 2:23
159,남자 취업사진 머리 손질,2023-01-02,오전 11:44
160,남자 취업 머리 손질,2023-01-02,오전 11:44
161,송길영,2023-01-02,오전 9:55
162,영레기,2023-01-02,오전 9:11
163,닭이 뛰노는 곳 와헌,2022-12-31,오후 8:44
164,팡이요,2022-12-30,오후 3:58
165,세글자,2022-12-30,오후 3:35
166,팍플레이,2022-12-30,오후 3:34
167,팡이요,2022-12-29,오전 12:44
168,https://www.youtube.com/watch?v=cqc3d_8pEhI,2022-12-29,오전 12:00
169,https://www.youtube.com/watch?v=KDxgxengEYs,2022-12-28,오후 11:30
170,https://www.youtube.com/watch?v=-TI5NUIiIy0,2022-12-28,오후 10:08
171,파카,2022-12-28,오후 8:53
172,curiosity driven supermario,2022-12-28,오후 8:20
173,curiosity learning supermario,2022-12-28,오후 8:14
174,메타코드 M,2022-12-28,오후 4:59
175,파카,2022-12-28,오전 1:46
176,"플레임위젇, 스우",2022-12-27,오후 10:18
177,"플레임의젇, 검마",2022-12-27,오후 10:18
178,김수호,2022-12-27,오후 10:16
179,페이지,2022-12-27,오후 10:13
180,세글자,2022-12-27,오후 10:12
181,발젭,2022-12-27,오후 10:11
182,ㅏㅇ이요,2022-12-27,오후 10:11
183,차세대,2022-12-27,오후 10:10
184,ㅊㅏ세대,2022-12-27,오후 10:10
185,Rtx3080ti vs gtx1060,2022-12-27,오후 1:36
186,Rtx 4090,2022-12-27,오후 1:36
187,랄로,2022-12-27,오후 12:53
188,파카,2022-12-27,오후 12:53
189,사망여우,2022-12-27,오후 12:53
190,https://www.youtube.com/watch?v=fJVT8GkH81E,2022-12-25,오후 2:23
191,이득충,2022-12-25,오전 2:46
192,https://www.youtube.com/watch?v=X1AHTcEAeuc,2022-12-25,오전 1:33
193,랄로,2022-12-25,오전 1:33
194,파카,2022-12-25,오전 1:33
195,부트캠프 창,2022-12-25,오전 1:32
196,https://www.youtube.com/watch?v=FP6H7ZlQE7M,2022-12-24,오후 6:05
197,ms power bi,2022-12-24,오후 2:36
198,메타코드M,2022-12-24,오후 2:06
199,https://www.youtube.com/watch?v=KaaI_8oOyX8,2022-12-24,오후 1:36
200,김경일 무의식,2022-12-24,오후 1:36
201,Stanford nlp,2022-12-23,오후 11:19
202,NLP,2022-12-23,오후 11:18
203,자연어처리,2022-12-23,오후 11:18
204,취업 지원 회사 매출,2022-12-22,오후 8:42
205,kakao,2022-12-22,오전 9:59
206,kakao if,2022-12-22,오전 9:59
207,파카,2022-12-21,오전 11:56
208,사망여우,2022-12-21,오전 10:44
209,눈쟁이,2022-12-21,오전 10:43
210,형독,2022-12-21,오전 10:33
211,이중대,2022-12-21,오전 10:33
212,3080,2022-12-21,오전 10:22
213,amd 팔병장,2022-12-21,오전 10:13
214,뉴스,2022-12-20,오후 10:39
215,코로나 문해력,2022-12-20,오후 10:11
216,코로나 교육격차,2022-12-20,오후 10:10
217,야간작업,2022-12-20,오후 2:01
218,없섭,2022-12-20,오후 2:01
219,도레,2022-12-20,오후 2:00
220,jtbc,2022-12-20,오후 1:41
221,moducon 2022,2022-12-19,오후 5:56
222,김실장,2022-12-19,오후 2:31
223,G식,2022-12-19,오후 2:30
224,병병병,2022-12-19,오후 1:58
225,팍플레이,2022-12-19,오후 1:58
226,세글자,2022-12-19,오후 1:57
227,파카,2022-12-19,오후 1:57
228,kolibri,2022-12-19,오후 12:08
229,curriculum alignment,2022-12-19,오후 12:05
230,자퇴 뉴스,2022-12-19,오전 10:55
231,자퇴,2022-12-19,오전 10:55
232,머신러닝 프로젝트,2022-12-19,오전 9:36
233,machine learning projects,2022-12-19,오전 9:09
234,machine learning tutorial,2022-12-19,오전 9:09
235,머신러닝,2022-12-19,오전 8:50
236,기획,2022-12-19,오전 12:00
237,IP 콘텐츠,2022-12-18,오후 3:41
238,IP -주소,2022-12-18,오후 3:41
239,IP,2022-12-18,오후 3:41
240,IP 확장,2022-12-18,오후 3:40
241,Chatgpt,2022-12-18,오전 7:19
242,3080 next gen,2022-12-17,오후 11:15
243,퇴사한 이형,2022-12-17,오후 5:31
244,https://www.youtube.com/watch?v=a5Rk1Q1R3Z0,2022-12-17,오후 5:29
245,dx challenge,2022-12-17,오후 5:18
246,chatgpt,2022-12-17,오후 4:30
247,https://www.youtube.com/watch?v=OEMaM_DC7gA,2022-12-16,오후 3:10
248,사망여우,2022-12-16,오후 3:06
249,영레기,2022-12-14,오후 9:05
250,모두의연구소,2022-12-14,오후 8:57
251,chatgpt,2022-12-14,오후 8:45
252,재벌집 막네아들,2022-12-13,오후 10:22
253,crashcourse statistics,2022-12-13,오전 9:50
254,crashcourse statisticis,2022-12-13,오전 9:50
255,https://www.youtube.com/watch?v=VhsnX_KfXOk,2022-12-13,오전 9:48
256,데이터분석 인사이트,2022-12-12,오후 11:44
257,데이터분석 인사이트,2022-12-12,오후 9:09
258,감스트 페이커,2022-12-12,오후 6:56
259,매트릭스 4,2022-12-12,오전 11:00
260,Crashcourse stats,2022-12-12,오전 8:45
261,Crash,2022-12-12,오전 8:45
262,말많은소녀,2022-12-12,오전 8:30
263,페이커,2022-12-11,오전 10:56
264,https://www.youtube.com/watch?v=Iiy2mhYAJyI,2022-12-10,오후 9:34
265,https://www.youtube.com/watch?v=Il9QDKVZsVs,2022-12-10,오후 9:33
266,채수빈,2022-12-10,오후 9:33
267,세글자,2022-12-10,오후 8:01
268,호강구조대,2022-12-10,오전 7:56
269,호강구조대,2022-12-09,오후 3:35
270,사망여우,2022-12-09,오후 3:32
271,면접왕 이형,2022-12-08,오후 3:43
272,사망여우,2022-12-07,오전 2:17
273,아이패드,2022-12-07,오전 1:57
274,NLU stanford,2022-12-06,오후 11:43
275,NLP,2022-12-06,오후 11:41
276,natrual language processing,2022-12-06,오후 10:06
277,natrual language processing,2022-12-06,오후 9:25
278,왕토,2022-12-06,오전 10:47
279,랄로,2022-12-06,오전 12:53
280,데이터홀릭,2022-12-05,오후 11:01
281,statistics,2022-12-05,오후 9:59
282,crashcourse statistics #8,2022-12-05,오전 9:11
283,crashcourse statistics,2022-12-05,오전 9:11
284,사망여우,2022-12-03,오후 6:29
285,데이터홀릭,2022-12-03,오전 10:56
286,project ryu,2022-12-02,오후 3:45
287,면접왕 이형,2022-12-01,오후 8:11
288,tableau buffer functio,2022-12-01,오후 12:42
289,영레기,2022-12-01,오후 12:11
290,지스타 타로마루,2022-12-01,오후 12:09
291,김실장,2022-12-01,오전 11:48
292,crash course nlp,2022-11-28,오후 7:40
293,너진똑,2022-11-28,오후 12:30
294,crashcourse statistics,2022-11-28,오후 12:15
295,https://www.youtube.com/watch?v=KaaI_8oOyX8,2022-11-26,오후 3:32
296,야옹해 바바,2022-11-24,오후 4:08
297,괴물쥐,2022-11-24,오후 4:08
298,랄로,2022-11-24,오후 4:07
299,파카,2022-11-24,오후 4:07
300,춘자,2022-11-24,오후 4:07
301,병병병,2022-11-24,오후 4:07
302,발 젭,2022-11-24,오후 4:06
303,만 당,2022-11-24,오후 4:06
304,김여정 천치바보,2022-11-24,오후 4:01
305,우정잉,2022-11-24,오후 3:56
306,https://www.youtube.com/watch?v=jF9WbZ78oJw,2022-11-23,오후 3:10
307,쇼진,2022-11-23,오후 2:44
308,소빈,2022-11-23,오후 2:44
309,네이버커넥트,2022-11-23,오후 2:12
310,쵸단,2022-11-23,오전 9:31
311,너덜트,2022-11-23,오전 9:31
312,우정잉,2022-11-23,오전 9:31
313,듀단,2022-11-23,오전 9:27
314,https://www.youtube.com/watch?v=YZRWbrcwD8g,2022-11-23,오전 9:09
315,statistics,2022-11-23,오전 8:49
316,파카,2022-11-23,오전 7:40
317,mediocre,2022-11-22,오후 9:12
318,발젭,2022-11-22,오후 7:14
319,팍플레이,2022-11-22,오후 7:02
320,언리얼엔진5,2022-11-22,오후 6:05
321,러셀,2022-11-22,오후 6:05
322,네이버커넥트,2022-11-22,오후 2:04
323,네이버 커넥트,2022-11-22,오후 2:00
324,만 당,2022-11-22,오후 1:18
325,발 젭,2022-11-22,오후 1:14
326,병병병,2022-11-22,오후 1:14
327,야옹해 바바,2022-11-22,오후 1:13
328,팍플레이,2022-11-22,오후 1:02
329,랄로,2022-11-22,오후 1:02
330,모아요,2022-11-22,오후 1:02
331,파카,2022-11-22,오후 1:02
332,statistics2,2022-11-21,오후 10:02
333,statistics,2022-11-21,오후 10:02
334,랄로 구조대,2022-11-21,오후 9:59
335,크래쉬 코스,2022-11-21,오후 6:18
336,세글자,2022-11-21,오후 2:34
337,괴물쥐,2022-11-21,오후 2:33
338,파카,2022-11-21,오후 2:33
339,#유승민,2022-11-21,오후 2:32
340,유승민,2022-11-21,오후 2:31
341,팍플레이,2022-11-21,오전 9:55
342,statistics,2022-11-21,오전 8:27
343,statistic,2022-11-21,오전 8:27
344,statistics class,2022-11-21,오전 8:24
345,crashcourse,2022-11-21,오전 8:07
346,채용연계형 인턴,2022-11-20,오후 10:44
347,Crashcourse,2022-11-20,오후 10:26
348,산업을 정하기,2022-11-20,오후 10:10
349,게임 데이터 분석,2022-11-20,오후 10:02
350,gstar 2022,2022-11-20,오후 9:53
351,gstar 2022 취업박람회,2022-11-20,오후 9:43
352,팍플레이,2022-11-20,오후 4:53
353,g식,2022-11-20,오전 12:52
354,지스타,2022-11-19,오후 1:06
355,옥냥이,2022-11-19,오전 1:29
356,카이,2022-11-18,오후 8:00
357,괴물쥐 구조대,2022-11-18,오후 3:18
358,파카,2022-11-18,오후 3:18
359,팍플레이,2022-11-18,오후 3:07
360,https://www.youtube.com/watch?v=hUWmvqr7PCg,2022-11-18,오후 3:07
361,mbc,2022-11-18,오후 3:07
362,mbx,2022-11-18,오후 3:06
363,대통령실 비서관 mbc,2022-11-18,오후 2:40
364,만 당,2022-11-18,오전 1:03
365,받젭,2022-11-18,오전 12:55
366,받뎁,2022-11-18,오전 12:55
367,팡이요,2022-11-17,오후 11:17
368,G식백과,2022-11-17,오후 11:08
369,스우 최소컷,2022-11-17,오후 10:44
370,로스트아크,2022-11-17,오후 9:17
371,G식백과,2022-11-17,오후 9:11
372,https://www.youtube.com/watch?v=jF9WbZ78oJw,2022-11-17,오후 7:05
373,파카,2022-11-17,오후 7:05
374,잇섭,2022-11-17,오후 5:16
375,김실장,2022-11-17,오후 5:16
376,g식백과,2022-11-17,오후 5:15
377,팍플레이,2022-11-17,오후 3:01
378,랄로,2022-11-17,오후 2:31
379,파카,2022-11-17,오전 3:03
380,너덜트,2022-11-16,오후 2:10
381,랄로,2022-11-16,오후 2:09
382,https://www.youtube.com/watch?v=Ds8g1fMWkBo,2022-11-16,오전 3:15
383,https://www.youtube.com/watch?v=h9BIj4C29CQ,2022-11-16,오전 2:42
384,게임에 진심인 편 4부,2022-11-16,오전 12:53
385,Tom cruise speech,2022-11-15,오후 10:44
386,크래시 코스,2022-11-14,오후 6:00
387,서가명강,2022-11-14,오후 5:59
388,닷컴버블,2022-11-14,오후 5:58
389,ㅌㅣ타임즈,2022-11-14,오후 5:56
390,데이터분석,2022-11-12,오후 10:43
391,믿ㅌ ㅙㅜㅜㅐㅣㅇ,2022-11-12,오후 7:48
392,free solo,2022-11-12,오후 7:33
393,alex how to become fear ted,2022-11-12,오후 6:52
394,alex how to become fear,2022-11-12,오후 6:52
395,랄로,2022-11-12,오후 1:25
396,파카,2022-11-12,오후 1:25
397,만당,2022-11-12,오후 1:25
398,발젭,2022-11-12,오후 1:25
399,https://www.youtube.com/watch?v=FEUCG41R8wI,2022-11-12,오후 12:58
400,게임에 진심인 편,2022-11-12,오전 10:38
401,vpdlzj,2022-11-11,오후 10:14
402,베릴 카서스,2022-11-11,오후 10:10
403,https://www.youtube.com/watch?v=Rn2Wdua8JRY,2022-11-11,오후 6:34
404,4K test,2022-11-11,오후 1:27
405,K test,2022-11-11,오후 1:26
406,토트넘 스마트워치 블루투스 연결,2022-11-10,오후 9:55
407,토트넘 스마트워치 사용법,2022-11-10,오후 9:54
408,https://www.youtube.com/watch?v=B9utaEID1dw,2022-11-08,오후 12:11
409,없섭,2022-11-07,오후 5:23
410,https://www.youtube.com/watch?v=VknnZFwi_y4,2022-11-07,오전 9:48
411,모아요,2022-11-04,오후 11:36
412,니케,2022-11-04,오후 11:35
413,카일스쿨,2022-11-04,오후 10:28
414,칼바람 제국 애쉬,2022-11-04,오후 4:50
415,이태원 압사,2022-11-03,오후 4:39
416,이태원 혀장,2022-11-03,오후 4:35
417,이태원 -뉴스,2022-11-03,오후 4:35
418,이태원,2022-11-03,오후 4:34
419,파워포인트 배치,2022-10-28,오전 9:46
420,파워포인트 슬라이드,2022-10-28,오전 9:46
421,위쳐 리메이크,2022-10-27,오후 3:05
422,https://www.youtube.com/watch?v=WNGK4oKgxFY,2022-10-26,오전 9:55
423,https://www.ssafy.com?utm_source=youtube&utm_medium=video&utm_campaign=%EC%9C%A0%ED%8A%9C%EB%B8%8C+%EC%98%81%EC%83%81...,2022-10-22,오후 6:26
424,바스티온 스팀게임 후기,2022-10-22,오후 2:40
425,바스티온 후기,2022-10-22,오후 2:39
426,Bastion Steam game,2022-10-22,오후 2:39
427,바스티온 -오버워치,2022-10-22,오후 2:39
428,바스티온 스팀,2022-10-22,오후 2:39
429,바스티온,2022-10-22,오후 2:39
430,미스포츈,2022-10-21,오후 12:09
431,롤박사 해도리,2022-10-20,오후 3:59
432,소맥거핀,2022-10-18,오후 1:34
433,stack que crashcourse,2022-10-18,오전 10:34
434,stack que,2022-10-18,오전 10:27
435,witcher 3 secondary quests,2022-10-17,오전 12:37
436,옥ㄴㅑㅇ이,2022-10-17,오전 12:33
